Symbol,Industry,IsBanking
TITAN,Luxury Goods,False
FEDERALBNK,Banks - Regional,True
OFSS,Software - Infrastructure,False
KARURVYSYA,Banks - Regional,True
PNBHOUSING,Mortgage Finance,True
ADANIPOWER,Utilities - Independent Power Producers,False
NAM-INDIA,Asset Management,True
ADANIGREEN,Utilities - Renewable,False
CUB,Banks - Regional,True
ANANDRATHI,Asset Management,True
ATHERENERG,Auto Manufacturers,False
ABB,Specialty Industrial Machinery,False
GAIL,Utilities - Regulated Gas,False
HONASA,Household & Personal Products,False
J&KBANK,Banks - Regional,True
ZYDUSWELL,Packaged Foods,False
IDEA,Telecom Services,False
NYKAA,Internet Retail,False
